model,dataset,train_acc,train_f1,train_recall,train_auc,val_acc,val_f1,val_recall,val_auc,test_acc,test_f1,test_recall,test_auc,gen_gap,cv_cv_acc_mean,cv_cv_acc_std,cv_cv_f1_mean,cv_cv_recall_mean,cv_cv_auc_mean,cv_cv_fold_accs
LogisticReg,audio_dataset1,0.8802,0.8774,0.8673,0.9554,0.8765,0.8743,0.869,0.9485,0.8947,0.8929,0.8929,0.9472,-0.0145,0.8752,0.0192,0.8736,0.8724,0.9341,"[0.8742, 0.8553, 0.8868, 0.8544, 0.9051]"
SVM_RBF,audio_dataset1,0.8285,0.8106,0.7423,0.9125,0.8588,0.8537,0.8333,0.9012,0.8363,0.8353,0.8452,0.9223,-0.0078,0.8021,0.0305,0.776,0.6967,0.8885,"[0.8239, 0.8113, 0.7421, 0.8228, 0.8101]"
RandomForest,audio_dataset1,1.0,1.0,1.0,1.0,0.9765,0.9762,0.9762,0.9986,0.9649,0.9655,1.0,0.9989,0.0351,0.9811,0.004,0.9809,0.9822,0.9994,"[0.9811, 0.9874, 0.9811, 0.981, 0.9747]"
ExtraTrees,audio_dataset1,1.0,1.0,1.0,1.0,0.9647,0.9647,0.9762,0.9978,0.9649,0.9655,1.0,0.9978,0.0351,0.9836,0.005,0.9833,0.9771,0.9989,"[0.9874, 0.9874, 0.9748, 0.9873, 0.981]"
XGBoost,audio_dataset1,1.0,1.0,1.0,1.0,0.9765,0.9762,0.9762,0.9981,0.9766,0.9767,1.0,0.9912,0.0234,0.9823,0.0101,0.982,0.9745,0.9963,"[0.9937, 0.9937, 0.9748, 0.981, 0.9684]"
LightGBM,audio_dataset1,1.0,1.0,1.0,1.0,0.9765,0.9762,0.9762,0.9986,0.9766,0.9767,1.0,0.997,0.0234,0.9811,0.0057,0.9807,0.9719,0.9985,"[0.9874, 0.9874, 0.9811, 0.9747, 0.9747]"
CatBoost,audio_dataset1,1.0,1.0,1.0,1.0,0.9765,0.9762,0.9762,0.9978,0.9649,0.9655,1.0,0.9989,0.0351,0.9848,0.0076,0.9847,0.9872,0.9986,"[0.9811, 0.9937, 0.9937, 0.981, 0.9747]"
LogisticReg,UCI_parkinsons,0.903,0.9305,0.8878,0.9719,0.871,0.9259,1.0,0.8333,0.5333,0.6818,0.625,0.5764,0.3697,0.8584,0.0633,0.899,0.8674,0.9379,"[0.7778, 0.8519, 0.963, 0.8148, 0.8846]"
SVM_RBF,UCI_parkinsons,0.9925,0.9949,0.9898,0.9997,0.7742,0.8727,0.96,0.2333,0.6667,0.7826,0.75,0.6111,0.3258,0.955,0.0283,0.9697,0.9789,0.9742,"[0.9259, 1.0, 0.963, 0.963, 0.9231]"
SVM_Linear,UCI_parkinsons,0.8806,0.913,0.8571,0.9787,0.7419,0.8462,0.88,0.66,0.5,0.6512,0.5833,0.5486,0.3806,0.8587,0.075,0.8984,0.8674,0.9352,"[0.7778, 0.8519, 0.963, 0.7778, 0.9231]"
RandomForest,UCI_parkinsons,1.0,1.0,1.0,1.0,0.8065,0.8929,1.0,0.74,0.8,0.8889,1.0,0.6215,0.2,0.8957,0.0428,0.9278,0.9279,0.9678,"[0.8889, 0.9259, 0.9259, 0.8148, 0.9231]"
ExtraTrees,UCI_parkinsons,1.0,1.0,1.0,1.0,0.8065,0.8929,1.0,0.68,0.8,0.8889,1.0,0.6042,0.2,0.9476,0.0189,0.9648,0.9789,0.9908,"[0.9259, 0.963, 0.963, 0.963, 0.9231]"
XGBoost,UCI_parkinsons,1.0,1.0,1.0,1.0,0.871,0.9259,1.0,0.7067,0.6667,0.8,0.8333,0.4931,0.3333,0.9254,0.0331,0.9479,0.9384,0.9686,"[0.8889, 0.963, 0.963, 0.8889, 0.9231]"
LightGBM,UCI_parkinsons,1.0,1.0,1.0,1.0,0.7742,0.8627,0.88,0.6267,0.7667,0.8679,0.9583,0.4792,0.2333,0.9476,0.0381,0.9643,0.9789,0.9888,"[0.963, 1.0, 0.963, 0.8889, 0.9231]"
CatBoost,UCI_parkinsons,1.0,1.0,1.0,1.0,0.8065,0.8929,1.0,0.7467,0.7667,0.8679,0.9583,0.5278,0.2333,0.9402,0.0186,0.9592,0.9689,0.9847,"[0.963, 0.9259, 0.963, 0.9259, 0.9231]"
LogisticReg,pd_speech_features,0.9981,0.9987,0.9975,1.0,0.7719,0.8506,0.881,0.6444,0.6754,0.7643,0.7407,0.6921,0.3227,0.7974,0.0123,0.8639,0.8522,0.7968,"[0.8019, 0.8019, 0.7736, 0.8095, 0.8]"
RandomForest,pd_speech_features,1.0,1.0,1.0,1.0,0.7895,0.8723,0.9762,0.8948,0.7895,0.8696,0.9877,0.9132,0.2105,0.8751,0.0273,0.9191,0.9374,0.9275,"[0.8302, 0.8585, 0.8868, 0.9048, 0.8952]"
XGBoost,pd_speech_features,1.0,1.0,1.0,1.0,0.8509,0.9061,0.9762,0.9317,0.8596,0.9059,0.9506,0.9297,0.1404,0.8712,0.042,0.9124,0.8923,0.926,"[0.8396, 0.8208, 0.9434, 0.8762, 0.8762]"
LightGBM,pd_speech_features,1.0,1.0,1.0,1.0,0.886,0.9282,1.0,0.9302,0.8509,0.9006,0.9506,0.9098,0.1491,0.8902,0.0227,0.9287,0.9474,0.932,"[0.8585, 0.8774, 0.9245, 0.8857, 0.9048]"
CatBoost,pd_speech_features,1.0,1.0,1.0,1.0,0.8684,0.9143,0.9524,0.9131,0.8596,0.9036,0.9259,0.9199,0.1404,0.8883,0.0307,0.9264,0.9325,0.9359,"[0.8774, 0.8585, 0.9151, 0.8571, 0.9333]"
