model,target,train_mae,train_rmse,train_r2,val_mae,val_rmse,val_r2,test_mae,test_rmse,test_r2,cv_mae_mean,cv_mae_std,cv_rmse_mean,cv_r2_mean
LinearRegression,motor_UPDRS,5.7309,6.7559,0.2919,9.0186,10.3779,0.0031,9.1956,10.4097,-2.9997,6.6734,1.2143,7.7781,-0.2505
Ridge,motor_UPDRS,5.7317,6.7573,0.2917,9.0141,10.3706,0.0045,9.1986,10.4078,-2.9983,6.6707,1.2127,7.7747,-0.2495
RandomForest,motor_UPDRS,0.1208,0.3389,0.9982,9.8457,11.1937,-0.1598,9.55,11.3776,-3.7781,7.9939,1.4145,9.5688,-0.8794
ExtraTrees,motor_UPDRS,0.0,0.0,1.0,8.1254,9.0134,0.248,7.2477,8.719,-1.806,7.9822,1.7282,9.4408,-0.8525
SVR,motor_UPDRS,4.456,5.8501,0.4691,9.1125,10.6065,-0.0413,10.3764,11.5089,-3.889,7.5159,1.0657,8.8597,-0.6162
XGBoost,motor_UPDRS,0.6484,0.9203,0.9869,10.3119,11.6891,-0.2647,10.0791,11.9466,-4.268,7.3569,1.7353,8.9083,-0.6183
LightGBM,motor_UPDRS,0.4561,0.682,0.9928,9.5665,11.0506,-0.1304,9.3469,11.1157,-3.5607,6.9224,1.3212,8.5706,-0.5201
CatBoost,motor_UPDRS,1.4737,1.9564,0.9406,9.3229,10.5093,-0.0223,8.7001,10.3707,-2.9699,7.9167,1.7364,9.501,-0.8621
LinearRegression,total_UPDRS,7.6626,8.9742,0.3143,11.6147,14.0276,-0.122,11.8051,12.9437,-5.801,9.1794,2.2806,10.5612,-0.1886
Ridge,total_UPDRS,7.666,8.9763,0.314,11.6089,14.0172,-0.1203,11.7992,12.9329,-5.7896,9.1752,2.2745,10.5559,-0.1878
RandomForest,total_UPDRS,0.1202,0.3149,0.9992,13.4133,15.7211,-0.4093,8.9787,11.6988,-4.5557,12.4872,1.0975,14.529,-1.3874
ExtraTrees,total_UPDRS,0.0,0.0,1.0,9.847,11.3761,0.2621,8.9887,11.3626,-4.241,11.7875,2.0277,13.7574,-1.0753
SVR,total_UPDRS,6.06,7.88,0.4713,12.2343,14.3765,-0.1785,13.8741,15.2997,-8.5021,10.1258,2.2574,11.8807,-0.5473
XGBoost,total_UPDRS,0.7648,1.0895,0.9899,13.7814,15.5859,-0.3851,10.4607,13.3304,-6.2134,11.7108,1.5849,13.6039,-1.0684
LightGBM,total_UPDRS,0.5621,0.8377,0.994,12.4167,14.156,-0.1426,8.367,11.1559,-4.052,11.2771,1.4123,13.2847,-0.9798
CatBoost,total_UPDRS,1.9074,2.4948,0.947,12.6063,13.861,-0.0955,9.7416,12.9596,-5.8177,11.7073,2.2011,13.7265,-1.0397
XGBoost_Tuned,motor_UPDRS,3.1174,3.7246,0.7848,10.0236,10.4684,-0.0144,7.9626,8.7218,-1.8078,6.7119,1.2286,7.7065,-0.204
LightGBM_Tuned,motor_UPDRS,1.5261,1.9055,0.9437,9.1729,9.9274,0.0878,8.012,9.0894,-2.0495,6.5479,1.2917,7.6896,-0.2005
XGBoost_Tuned,total_UPDRS,4.1257,4.9521,0.7912,12.7685,13.7894,-0.0842,7.973,9.3031,-2.5132,,,,
LightGBM_Tuned,total_UPDRS,1.986,2.4567,0.9486,11.5682,12.6509,0.0874,7.2236,9.062,-2.3335,,,,
