feature,mean_abs_shap
age,10.347436542240462
test_time,1.1359125619797839
sex,0.4095125153523653
DFA,0.3360392930522024
RPDE,0.15620735996425797
Shimmer(dB),0.06419366303220936
HNR,0.04835302937768945
PPE,0.03668499317093184
NHR,0.03616693730401083
Shimmer:APQ5,0.01257681998019487
Shimmer:DDA,0.009483988387752627
Shimmer,0.008569491129722658
Jitter:DDP,0.00783856372463034
Jitter:PPQ5,0.006462316705113208
Shimmer:APQ3,0.006368391302205464
Jitter(%),0.005657814504144316
Shimmer:APQ11,0.0047249945361716875
Jitter:RAP,0.004575950425209333
